City_ID,City,Lat,Lng,Max Temp,Humidity,Cloudiness,Wind Speed,Country,Date
0,albany,42.6001,-73.9662,0.23,84,100,2.41,US,1706667299
1,port-aux-francais,-49.35,70.2167,3.95,73,88,14.22,TF,1706667299
2,kouango,4.9934,19.9619,25.87,38,100,0.42,CF,1706667299
3,nuuk,64.1835,-51.7216,-9.66,62,100,12.07,GL,1706667000
4,ewo,-0.8725,14.8206,25.6,57,100,1.11,CG,1706667299
5,maridi,4.9158,29.4742,21.42,34,98,1.28,SS,1706667300
6,tulchyn,48.6745,28.8464,-0.5,66,55,2.61,UA,1706667300
7,edinburgh of the seven seas,-37.0676,-12.3116,13.91,57,72,1.61,SH,1706667300
8,acarau,-2.8856,-40.12,26.73,83,4,4.56,BR,1706667300
9,troy,42.6056,-83.1499,1.8,94,100,0.0,US,1706667263
10,saint-pierre,-21.3393,55.4781,24.82,83,0,2.06,RE,1706667300
11,iqaluit,63.7506,-68.5145,-23.15,64,100,4.63,CA,1706667300
12,nakskov,54.8373,11.1284,5.64,92,100,10.57,DK,1706667301
13,tokar,18.4254,37.729,22.18,66,100,4.78,SD,1706667301
14,lompoc,34.6391,-120.4579,14.08,85,100,2.06,US,1706667136
15,adamstown,-25.066,-130.1015,25.14,78,100,11.92,PN,1706667301
16,badger,64.8,-147.5333,-25.86,64,75,2.06,US,1706667301
17,grytviken,-54.2811,-36.5092,3.29,79,22,5.01,GS,1706667301
18,jertih,5.7336,102.4897,26.38,80,100,0.34,MY,1706667302
19,hays,30.0502,-98.0336,16.43,55,44,2.46,US,1706667302
20,bilibino,68.0546,166.4372,-33.72,99,100,0.18,RU,1706667302
21,itacare,-14.2775,-38.9967,24.75,88,4,2.47,BR,1706667302
22,enewetak,11.3474,162.3373,26.56,71,92,9.17,MH,1706667303
23,constantia,44.1833,28.65,-4.62,78,31,3.43,RO,1706667303
24,papatowai,-46.5619,169.4708,19.21,49,89,4.79,NZ,1706667303
25,ola,59.5833,151.2833,-18.81,81,17,2.51,RU,1706667304
26,taro,-8.3862,115.28,26.03,62,53,0.78,ID,1706667304
27,ilulissat,69.2167,-51.1,-23.99,49,26,1.54,GL,1706667304
28,howrah,22.5892,88.3103,19.0,94,75,0.0,IN,1706667304
29,tura,25.5198,90.2201,16.74,46,0,0.89,IN,1706667304
30,bryne,58.7354,5.6477,3.88,97,100,4.12,NO,1706667305
31,ushuaia,-54.8,-68.3,9.81,66,40,12.35,AR,1706667305
32,lazaro cardenas,17.9583,-102.2,25.27,73,100,0.55,MX,1706667060
33,atafu village,-8.5421,-172.5159,29.0,74,15,2.9,TK,1706667305
34,guerrero negro,27.9769,-114.0611,18.59,61,0,4.05,MX,1706667305
35,blackmans bay,-43.0167,147.3167,22.51,39,90,3.62,AU,1706667306
36,al bawiti,28.3492,28.8659,7.93,53,9,2.78,EG,1706667306
37,qarazhal,48.0078,70.7903,-6.27,94,93,5.23,KZ,1706667306
38,flying fish cove,-10.4217,105.6791,26.82,94,100,1.54,CX,1706667306
39,waitangi,-43.9535,-176.5597,17.68,98,100,2.24,NZ,1706667306
40,george town,5.4112,100.3354,28.99,75,20,4.63,MY,1706667307
41,st. john's,47.5649,-52.7093,-4.01,83,99,7.6,CA,1706667198
42,georgetown,5.4112,100.3354,28.99,75,20,4.63,MY,1706667307
43,klyuchi,52.2667,79.1667,-13.97,90,100,2.77,RU,1706667307
44,west island,-12.1568,96.8225,28.99,70,40,2.57,CC,1706667307
45,chengde,40.9725,117.9361,-6.84,41,17,2.39,CN,1706667308
46,bethel,41.3712,-73.414,1.31,77,100,2.57,US,1706667308
47,saipan,15.1355,145.701,28.39,57,100,8.75,MP,1706667084
48,garissa,-0.4536,39.6401,26.06,74,100,3.34,KE,1706667308
49,ust-nera,64.5667,143.2,-30.43,98,100,2.05,RU,1706667308
50,brak,27.5496,14.2714,7.56,63,1,4.58,LY,1706667309
51,thunder bay,48.4001,-89.3168,0.99,86,68,3.09,CA,1706667309
52,grand baie,-20.0182,57.5802,26.26,87,78,5.01,MU,1706667309
53,port mathurin,-19.6833,63.4167,27.34,82,100,8.75,MU,1706667309
54,broome,42.2506,-75.833,-0.06,89,100,3.6,US,1706667309
55,kousa,25.9141,32.7636,7.05,46,0,2.48,EG,1706667310
56,yellowknife,62.456,-114.3525,-10.88,100,100,2.81,CA,1706667201
57,itaituba,-4.2761,-55.9836,24.37,99,100,0.9,BR,1706667310
58,kerikeri,-35.2268,173.9474,25.05,58,35,3.36,NZ,1706667310
59,dudinka,69.4058,86.1778,-17.99,84,100,9.39,RU,1706667310
60,oranjemund,-28.55,16.4333,17.76,93,8,2.12,NA,1706667310
61,lihue,21.9789,-159.3672,24.09,84,75,2.06,US,1706667311
62,port saint john's,-31.6229,29.5448,22.26,94,74,3.1,ZA,1706667311
63,fale old settlement,-9.3852,-171.2468,29.64,68,30,1.3,TK,1706667311
64,isafjordur,66.0755,-23.124,-4.7,81,61,3.82,IS,1706667311
65,mar del plata,-38.0023,-57.5575,24.01,78,0,3.6,AR,1706667311
66,coquimbo,-29.9533,-71.3436,18.42,85,11,1.56,CL,1706667196
67,tarauaca,-8.1614,-70.7656,23.72,98,100,0.22,BR,1706667275
68,avarua,-21.2078,-159.775,29.03,70,98,4.63,CK,1706667312
69,anadyr,64.75,177.4833,-32.72,74,0,4.0,RU,1706667312
70,hamilton,39.1834,-84.5333,3.02,95,100,2.06,US,1706667312
71,kadugli,11.0167,29.7167,20.17,16,35,6.52,SD,1706667312
72,margaret river,-33.95,115.0667,27.3,46,0,2.94,AU,1706667312
73,katsuura,35.1333,140.3,13.64,59,7,7.09,JP,1706667313
74,hermanus,-34.4187,19.2345,19.89,82,100,3.29,ZA,1706667313
75,curuzu cuatia,-29.7917,-58.0546,24.29,61,8,3.57,AR,1706667313
76,ribeira grande,38.5167,-28.7,13.76,87,45,3.58,PT,1706667313
77,san martin,-33.081,-68.4681,31.3,38,39,4.65,AR,1706667313
78,olonkinbyen,70.9221,-8.7187,-3.95,75,100,5.63,SJ,1706667314
79,olpad,21.3333,72.75,16.99,73,100,1.61,IN,1706667314
80,colonia,50.9333,6.95,7.76,84,100,4.12,DE,1706667314
81,puerto natales,-51.7236,-72.4875,7.73,89,59,2.05,CL,1706667314
82,vrangel',42.7297,133.0839,-0.59,88,100,1.09,RU,1706667314
83,namibe,-15.1961,12.1522,24.51,79,21,2.1,AO,1706667315
84,tazovsky,67.4667,78.7,-21.32,93,84,6.56,RU,1706667315
85,la ronge,55.1001,-105.2842,6.14,61,0,4.12,CA,1706667315
86,whitehorse,60.7161,-135.0538,-9.76,89,5,3.1,CA,1706667185
87,nicoya,10.1483,-85.452,25.15,64,13,6.04,CR,1706667122
88,kafir qala,34.6667,61.0667,1.84,67,70,8.23,AF,1706667316
89,leh,34.1667,77.5833,-6.93,82,99,1.57,IN,1706667316
90,mejit,10.2753,170.8646,26.31,81,100,8.77,MH,1706667316
91,gaalkacyo,6.7697,47.4308,20.74,88,93,5.63,SO,1706667316
92,vila velha,-20.3297,-40.2925,26.97,93,40,1.54,BR,1706667316
93,huinca renanco,-34.8404,-64.3758,28.41,31,89,4.41,AR,1706667317
94,san andres,12.5847,-81.7006,26.73,77,56,9.71,CO,1706667317
95,thompson,55.7435,-97.8558,1.09,93,100,1.54,CA,1706667317
96,tsiombe,-25.3,45.4833,23.22,83,84,6.21,MG,1706667317
97,portoferraio,42.8115,10.3146,10.88,93,100,2.06,IT,1706667317
98,hawaiian paradise park,19.5933,-154.9731,28.91,75,0,2.57,US,1706667318
99,shingu,33.7333,135.9833,11.15,87,100,2.13,JP,1706667318
100,uturoa,-16.7333,-151.4333,29.09,73,100,5.11,PF,1706667318
101,tiksi,71.6872,128.8694,-27.11,98,51,1.7,RU,1706667318
102,puerto aysen,-45.4,-72.7,13.7,99,100,2.13,CL,1706667318
103,kone,-21.0595,164.8658,27.86,74,87,1.54,NC,1706667319
104,udalguri,26.7667,92.1333,14.91,52,31,2.65,IN,1706667319
105,hithadhoo,-0.6,73.0833,27.43,74,12,2.01,MV,1706667319
106,zaragoza,41.6561,-0.8773,11.38,83,100,2.24,ES,1706667319
107,mount gambier,-37.8333,140.7667,21.81,47,0,4.39,AU,1706667319
108,jamestown,42.097,-79.2353,1.12,91,100,3.09,US,1706667316
109,rovaniemi,66.5,25.7167,-2.33,86,0,10.29,FI,1706667319
110,mata-utu,-13.2816,-176.1745,29.7,78,100,6.82,WF,1706667320
111,akureyri,65.6835,-18.0878,-5.04,86,0,5.14,IS,1706667320
112,revda,56.801,59.9303,-9.25,96,97,2.4,RU,1706667320
113,port elizabeth,-33.918,25.5701,21.29,88,0,1.54,ZA,1706667320
114,happy valley-goose bay,53.3168,-60.3315,-10.83,40,20,7.2,CA,1706667321
115,khandyga,62.6667,135.6,-38.69,98,97,0.31,RU,1706667321
116,longyearbyen,78.2186,15.6401,-5.09,68,75,5.66,SJ,1706667321
117,quellon,-43.1167,-73.6167,14.73,90,100,2.47,CL,1706667321
118,san pedro pochutla,15.7333,-96.4667,26.84,73,2,2.15,MX,1706667321
119,petropavlovsk-kamchatsky,53.0452,158.6483,-11.67,70,40,4.0,RU,1706667321
120,vilyuchinsk,52.9306,158.4028,-10.85,61,100,2.56,RU,1706667138
121,san antonio de pale,-1.4014,5.6325,27.69,79,100,2.49,GQ,1706667322
122,masterton,-40.9597,175.6575,22.71,60,85,1.88,NZ,1706667322
123,palangkaraya,-2.2,113.8333,26.93,88,100,1.11,ID,1706667322
124,wailua homesteads,22.0669,-159.378,23.75,79,75,2.06,US,1706667322
125,isangel,-19.55,169.2667,27.36,71,37,1.01,VU,1706667323
126,aasiaat,68.7098,-52.8699,-29.89,95,57,5.72,GL,1706667323
127,zwedru,6.0667,-8.1281,22.77,98,33,1.23,LR,1706667323
128,fiambala,-27.6871,-67.6149,26.94,36,75,2.54,AR,1706667323
129,marka,1.7159,44.7717,25.51,81,57,7.19,SO,1706667323
130,haiku-pauwela,20.9219,-156.3051,23.61,96,100,4.63,US,1706667323
131,ko pha ngan,9.7578,100.0291,26.38,74,18,6.15,TH,1706667324
132,kapuskasing,49.4169,-82.4331,1.05,93,100,4.63,CA,1706667324
133,boende,-0.2167,20.8667,24.53,75,100,1.94,CD,1706667324
134,bingol,38.8847,40.4939,-8.62,77,96,3.45,TR,1706667324
135,prince rupert,54.3161,-130.3201,8.83,81,100,3.09,CA,1706667246
136,utrik,11.2278,169.8474,26.13,76,100,7.45,MH,1706667325
137,castanos,26.7833,-101.4167,17.41,43,0,0.82,MX,1706667325
138,la passe,45.5549,-0.8967,8.13,91,82,2.46,FR,1706667325
139,slave lake,55.2834,-114.769,7.99,42,0,13.38,CA,1706667325
140,remire-montjoly,4.9167,-52.2667,26.02,94,75,2.57,GF,1706667325
141,rabo de peixe,37.8,-25.5833,14.73,88,75,2.06,PT,1706667325
142,college,64.8569,-147.8028,-25.82,69,75,2.06,US,1706667082
143,detva,48.5608,19.4195,-0.83,75,71,0.87,SK,1706667325
144,pahrump,36.2083,-115.9839,16.81,47,0,0.89,US,1706667326
145,holualoa,19.6228,-155.9522,25.99,81,40,4.12,US,1706667326
146,baker city,44.7749,-117.8344,8.1,75,0,3.6,US,1706667238
147,kinablangan,7.6947,126.5503,25.95,91,100,4.82,PH,1706667326
148,glencoe,-28.1783,30.147,15.66,90,67,0.91,ZA,1706667326
149,lebu,-37.6167,-73.65,14.94,82,0,5.81,CL,1706667326
150,chonchi,-42.6128,-73.8092,16.56,91,100,1.25,CL,1706667326
151,nova vicosa,-17.8919,-39.3719,25.34,90,100,4.03,BR,1706667327
152,spearfish,44.4908,-103.8594,9.56,48,0,2.06,US,1706667327
153,tromso,69.6496,18.957,1.01,93,75,9.26,NO,1706667327
154,meiktila,20.8667,95.8667,19.33,36,32,2.66,MM,1706667327
155,otjimbingwe,-22.35,16.1333,27.43,32,89,0.9,NA,1706667327
156,vilyuysk,63.7553,121.6247,-25.34,98,100,1.34,RU,1706667328
157,tekeli,44.83,78.8239,-7.02,91,100,1.27,KZ,1706667328
158,karratha,-20.7377,116.8463,30.07,58,63,2.96,AU,1706667328
159,prescott,34.54,-112.4685,12.19,42,0,2.06,US,1706667328
160,carnarvon,-24.8667,113.6333,34.63,42,0,4.8,AU,1706667328
161,bayanhongor,46.7167,100.1167,-24.87,78,21,1.24,MN,1706667328
162,iskateley,67.6803,53.1512,-6.1,92,56,4.92,RU,1706667329
163,richards bay,-28.783,32.0377,21.62,85,0,1.29,ZA,1706667329
164,bredasdorp,-34.5322,20.0403,18.43,97,68,2.03,ZA,1706667329
165,kitami,43.8031,143.8908,-6.3,65,100,1.76,JP,1706667329
166,kodiak,57.79,-152.4072,-11.27,48,0,2.57,US,1706667329
167,touros,-5.1989,-35.4608,27.28,73,3,5.36,BR,1706667330
168,newman,37.3138,-121.0208,18.34,81,82,0.45,US,1706667330
169,walvis bay,-22.9575,14.5053,17.83,94,2,2.57,NA,1706667330
170,mount isa,-20.7333,139.5,25.87,94,100,7.2,AU,1706667330
171,ardakan,32.31,54.0175,4.94,39,69,4.33,IR,1706667330
172,nova sintra,14.8667,-24.7167,20.95,62,0,5.42,CV,1706667330
173,smithers,54.7804,-127.1743,2.18,100,75,1.03,CA,1706667317
174,zaozersk,69.4005,32.4476,0.82,81,100,15.64,RU,1706667331
175,palasa,18.7667,84.4167,20.76,77,14,1.98,IN,1706667331
176,kalaleh,37.3807,55.4916,3.78,93,75,0.0,IR,1706667331
177,al kharijah,25.4514,30.5464,7.87,48,0,2.67,EG,1706667331
178,carutapera,-1.195,-46.02,25.94,87,63,2.61,BR,1706667332
179,vorgashor,67.5833,63.95,-13.13,95,100,4.78,RU,1706667332
180,choma,-16.8065,26.9531,17.09,88,0,1.85,ZM,1706667332
181,lerwick,60.1545,-1.1494,8.0,81,100,14.82,GB,1706667332
182,cruzeiro do sul,-29.5128,-51.9853,19.16,90,6,0.56,BR,1706667332
183,shache,38.4167,77.2406,-2.35,53,100,1.62,CN,1706667332
184,reggane,26.7158,0.1714,16.01,33,0,7.69,DZ,1706667332
185,aquin,18.2833,-73.4,23.26,86,27,2.96,HT,1706667333
186,krasnoye-na-volge,57.5125,41.2419,-11.66,100,90,2.24,RU,1706667333
187,manistee,44.2445,-86.3242,3.01,65,100,0.0,US,1706667333
188,pisco,-13.7,-76.2167,24.03,78,100,7.2,PE,1706667333
189,kingston,17.997,-76.7936,25.53,84,40,7.2,JM,1706667309
190,abu zabad,12.35,29.25,16.42,21,32,6.94,SD,1706667333
191,susuman,62.7833,148.1667,-32.23,97,100,0.89,RU,1706667334
192,udachny,66.4167,112.4,-26.86,100,99,1.19,RU,1706667334
193,saint-philippe,-21.3585,55.7679,24.77,86,64,4.04,RE,1706667334
194,guiuan,11.0333,125.7247,27.04,80,100,10.49,PH,1706667334
195,leskovac,42.9981,21.9461,-4.23,74,0,0.54,RS,1706667334
196,arauca,7.0847,-70.7591,29.54,39,100,1.04,CO,1706667334
197,souillac,-20.5167,57.5167,26.21,83,75,1.03,MU,1706667335
198,mirpur mathelo,28.0227,69.5489,15.41,32,47,1.39,PK,1706667335
199,orchard homes,46.8633,-114.0484,3.66,91,100,1.54,US,1706667335
200,shahganj,26.05,82.6833,11.33,66,3,0.87,IN,1706667335
201,la sarre,48.8002,-79.1996,-1.23,94,100,4.11,CA,1706667335
202,kyzylorda,44.8528,65.5092,-12.99,85,100,6.0,KZ,1706667335
203,nan,18.8333,100.6667,18.01,100,75,0.0,TH,1706667336
204,tolanaro,-25.0319,46.9987,23.18,87,53,4.79,MG,1706667336
205,port alfred,-33.5906,26.891,20.1,94,100,2.05,ZA,1706667336
206,klaksvik,62.2266,-6.589,6.51,93,100,9.56,FO,1706667336
207,cabo san lucas,22.8909,-109.9124,25.42,65,75,7.2,MX,1706667336
208,praia da vitoria,38.7333,-27.0667,14.14,100,75,2.82,PT,1706667337
209,cill airne,52.05,-9.5167,5.9,90,100,3.52,IE,1706667337
210,naze,28.3667,129.4833,19.51,79,98,7.75,JP,1706667337
211,nizhniy odes,63.6445,54.856,-6.27,95,99,3.3,RU,1706667337
212,orkney,-26.9802,26.6727,19.75,57,14,3.91,ZA,1706667338
213,qaqortoq,60.7167,-46.0333,-14.55,71,100,4.94,GL,1706667338
214,medicine hat,50.0501,-110.6683,10.24,62,75,1.54,CA,1706667301
215,itoman,26.1247,127.6694,26.43,68,20,7.2,JP,1706667338
216,sur,22.5667,59.5289,22.86,76,100,1.77,OM,1706667338
217,solnechnyy,50.7214,136.6319,-20.32,92,98,1.2,RU,1706667338
218,saint-louis,16.3333,-15.0,21.33,12,0,4.63,SN,1706667338
219,puerto armuelles,8.2833,-82.8667,28.99,66,42,1.34,PA,1706667339
220,talnakh,69.4865,88.3972,-18.22,79,100,4.61,RU,1706667339
221,kununurra,-15.7667,128.7333,29.99,66,25,3.6,AU,1706667339
222,stephenville,32.2207,-98.2023,16.07,39,0,0.0,US,1706667339
223,saudarkrokur,65.7461,-19.6394,-5.7,86,100,5.61,IS,1706667339
224,new norfolk,-42.7826,147.0587,23.17,28,76,2.16,AU,1706667340
225,sovetskaya gavan',48.9723,140.2878,-14.94,64,78,1.98,RU,1706667340
226,springbok,-29.6643,17.8865,21.14,37,3,0.89,ZA,1706667340
227,vorkuta,67.5,64.0,-13.09,96,100,4.5,RU,1706667340
228,arno,60.1167,18.6333,1.55,100,100,2.85,SE,1706667341
229,fada,9.5667,8.3,20.43,26,4,3.16,NG,1706667341
230,madalena,41.2162,-8.3345,13.5,87,100,1.78,PT,1706667341
231,illela,13.7292,5.2975,20.05,20,32,6.84,NG,1706667341
232,tamanrasset,22.785,5.5228,10.95,40,0,8.75,DZ,1706667341
233,kourou,5.1552,-52.6478,26.03,89,8,3.17,GF,1706667341
234,bardai,11.65,7.2333,18.9,19,60,5.27,NG,1706667341
235,kavaratti,10.5669,72.642,27.56,68,23,3.39,IN,1706667342
236,punta arenas,-53.15,-70.9167,10.06,62,0,11.32,CL,1706667342
237,bay roberts,47.5999,-53.2648,-4.72,81,97,5.81,CA,1706667342
238,pionerskiy,54.9508,20.2275,3.91,85,100,6.49,RU,1706667342
239,altay,47.8667,88.1167,-12.93,71,100,1.77,CN,1706667342
240,ciudad bolivar,8.1222,-63.5497,29.49,58,78,4.86,VE,1706667343
241,cabedelo,-6.9811,-34.8339,26.37,73,4,3.79,BR,1706667343
242,hilton head island,32.2163,-80.7526,11.1,78,0,0.0,US,1706667343
243,lobujya,27.95,86.8167,-17.81,34,0,1.56,NP,1706667343
244,tralee,52.2704,-9.7026,5.56,89,100,4.09,IE,1706667343
245,ak-dovurak,51.1833,90.6,-25.5,98,100,0.45,RU,1706667344
246,charters towers,-20.1,146.2667,35.32,42,65,2.49,AU,1706667344
247,lake havasu city,34.4839,-114.3224,20.81,31,0,2.57,US,1706667344
248,puerto ayora,-0.7393,-90.3518,25.36,89,95,3.72,EC,1706667344
249,atar,20.5169,-13.0499,17.64,13,0,3.67,MR,1706667344
250,laguna,38.421,-121.4238,18.55,76,0,3.09,US,1706667179
251,carauari,-4.8828,-66.8958,24.53,93,100,1.47,BR,1706667344
252,taggia,43.8485,7.8545,11.6,68,39,1.11,IT,1706667345
253,evanston,42.0411,-87.6901,4.0,81,100,4.12,US,1706667345
254,al burayqah,30.4062,19.5739,12.46,64,62,9.0,LY,1706667345
255,tabou,4.423,-7.3528,26.69,84,83,3.13,CI,1706667345
256,callao,-12.0667,-77.15,26.51,73,75,4.12,PE,1706667345
257,olyokminsk,60.3736,120.4264,-32.08,96,97,1.51,RU,1706667346
258,la libertad,-2.2333,-80.9,25.58,82,100,3.82,EC,1706667346
259,fomento,22.1039,-79.7217,15.86,76,0,1.57,CU,1706667346
260,al muwayh,22.4333,41.7583,13.37,38,14,2.17,SA,1706667346
261,bafoulabe,13.8065,-10.8321,24.45,13,91,2.69,ML,1706667346
262,swanage,50.6092,-1.9626,7.53,82,32,0.45,GB,1706667346
263,invercargill,-46.4,168.35,18.34,60,96,8.05,NZ,1706667346
264,garh maharaja,30.8339,71.9053,10.79,45,3,2.46,PK,1706667347
265,rusk,31.796,-95.1502,17.29,52,0,2.06,US,1706667113
266,kristiansund,63.1115,7.732,7.36,42,75,5.14,NO,1706667347
267,tazacorte,28.629,-17.9293,18.97,28,0,4.47,ES,1706667347
268,marsala,37.7966,12.4352,2.97,93,0,1.54,IT,1706667347
269,qamdo,31.1667,97.2333,-9.23,43,75,3.53,CN,1706667347
270,keflavik,64.0049,-22.5624,-1.76,74,75,8.23,IS,1706667348
271,crucecita,-28.95,-58.9833,24.11,63,0,2.83,AR,1706667348
272,newnham,-41.3833,147.1333,23.15,37,29,4.12,AU,1706667348
273,kapiri mposhi,-13.9652,28.6809,16.28,95,14,2.05,ZM,1706667348
274,shiyan,32.6475,110.7781,6.94,79,56,1.44,CN,1706667348
275,bafra,41.5678,35.9069,6.51,77,80,1.72,TR,1706667348
276,mil'kovo,55.6078,37.7956,-0.73,100,99,1.08,RU,1706667348
277,mek'ele,13.4967,39.4753,15.27,85,37,3.38,ET,1706667349
278,ebon,4.582,168.6964,27.24,80,100,8.28,MH,1706667349
279,labrador city,52.9463,-66.9114,-11.05,53,100,4.47,CA,1706667349
280,yengema,8.7167,-11.1667,19.48,72,85,0.12,SL,1706667349
281,carupano,10.6678,-63.2585,24.68,87,35,3.07,VE,1706667349
282,dongsheng,39.8161,109.9776,-8.46,74,100,2.11,CN,1706667350
283,kailua-kona,19.6406,-155.9956,28.06,81,40,4.12,US,1706667334
284,toledo,39.8333,-4.0,9.49,82,9,2.85,ES,1706667350
285,okondja,-0.6549,13.6753,23.93,73,100,0.93,GA,1706667072
286,tocopilla,-22.092,-70.1979,23.55,69,12,4.65,CL,1706667350
287,horta,38.5333,-28.6333,13.34,87,41,3.58,PT,1706667350
288,sitka,57.0531,-135.33,2.94,56,100,2.57,US,1706667350
289,tondano,1.3038,124.9112,23.05,67,84,0.96,ID,1706667351
290,ducheng,23.2373,111.5317,20.64,78,95,2.08,CN,1706667351
291,prado,-17.3411,-39.2208,25.31,89,89,4.37,BR,1706667335
292,teknaf,20.8624,92.3058,17.88,47,79,1.38,BD,1706667351
293,lucapa,-8.4192,20.7447,20.11,91,100,1.06,AO,1706667351
294,yuzhno-kurilsk,44.0306,145.8556,-2.01,71,100,1.31,RU,1706667351
295,padangsidempuan,1.3667,99.2667,25.8,80,100,1.53,ID,1706667352
296,bolobo,-2.1667,16.2333,23.91,85,100,1.52,CD,1706667352
297,dryden,49.7833,-92.7503,-0.84,93,100,5.66,CA,1706667352
298,amurzet,47.6967,131.0981,-18.74,77,99,4.46,RU,1706667352
299,barakani,-12.1356,44.4317,26.82,76,99,1.19,KM,1706667352
300,sinabang,2.4803,96.3801,27.92,78,94,1.97,ID,1706667352
301,nagqu,31.5,92.0,-11.18,48,100,0.87,CN,1706667352
302,siparia,10.1333,-61.5,24.52,88,72,4.91,TT,1706667353
303,nemuro,43.3236,145.575,-1.86,67,100,3.22,JP,1706667257
304,sokoni,-6.4333,39.55,27.44,79,99,4.83,TZ,1706667353
305,antofagasta,-23.65,-70.4,20.84,80,65,2.07,CL,1706667126
306,bandarbeyla,9.4942,50.8122,24.4,70,100,4.02,SO,1706667353
307,northam,51.0333,-4.2167,-0.19,83,46,4.14,GB,1706667353
308,sampit,-2.5333,112.95,26.9,87,97,1.03,ID,1706667353
309,fallon,39.4735,-118.7774,11.62,66,40,4.12,US,1706667106
310,fort bragg,35.139,-79.006,9.0,72,100,2.06,US,1706667353
311,plettenberg bay,-34.0527,23.3716,21.9,74,94,0.56,ZA,1706667354
312,stanley,54.868,-1.6985,4.6,87,0,4.63,GB,1706667354
313,la'ie,21.6477,-157.9253,27.98,74,22,0.89,US,1706667354
314,opuwo,-18.0607,13.84,23.09,65,99,0.43,NA,1706667354
315,ellon,57.3641,-2.0731,6.23,81,100,6.69,GB,1706667354
316,yaren,-0.5472,166.916,28.74,75,99,4.49,NR,1706667354
317,chhor,25.5167,69.7667,18.51,84,100,3.85,PK,1706667354
318,mushie,-3.0167,16.9,22.76,95,100,0.5,CD,1706667355
319,pauini,-7.7136,-66.9764,24.94,92,100,0.65,BR,1706667355
320,malango,-2.9627,119.9001,25.78,81,82,0.85,ID,1706667355
321,rouissat,31.9243,5.3502,11.04,50,0,3.09,DZ,1706667355
322,puerto deseado,-47.7503,-65.8938,21.72,43,97,8.78,AR,1706667355
323,santa cruz,-17.8,-63.1667,24.7,94,30,2.06,BO,1706667304
324,immokalee,26.4187,-81.4173,14.95,82,0,1.54,US,1706667355
325,afaahiti,-17.75,-149.2833,28.92,82,76,4.24,PF,1706667356
326,ambovombe,-25.1667,46.0833,22.89,84,75,6.28,MG,1706667356
327,lindi,-10.0,39.7167,22.58,98,100,1.01,TZ,1706667356
328,oodweyne,9.4092,45.064,18.32,76,49,2.14,SO,1706667356
329,springfield,37.2153,-93.2982,8.87,64,0,3.13,US,1706667060
330,egilsstadir,65.2653,-14.3948,-2.05,69,0,2.57,IS,1706667356
331,tome,-36.6167,-72.95,19.34,68,0,2.25,CL,1706667356
332,taroa,8.7058,171.2275,26.72,86,100,8.89,MH,1706667357
333,tianshui,34.5439,105.6897,0.56,86,100,1.34,CN,1706667357
334,cidreira,-30.1811,-50.2056,20.62,88,9,3.21,BR,1706667357
335,puerto san jose,13.9256,-90.8244,25.75,68,6,2.35,GT,1706667357
336,gaiman,-43.2897,-65.4929,28.0,22,0,2.76,AR,1706667357
337,puerto baquerizo moreno,-0.9,-89.6,25.4,88,79,4.68,EC,1706667357
338,linxia chengguanzhen,35.6003,103.2064,-1.18,35,100,0.57,CN,1706667357
339,garcia,25.8167,-100.5833,17.15,63,100,2.63,MX,1706667358
340,balqash,46.8481,74.995,-9.67,92,100,6.0,KZ,1706667358
341,oyama,36.3,139.8,9.9,42,50,0.82,JP,1706667358
342,ad dabbah,18.05,30.95,13.29,37,50,5.18,SD,1706667358
343,eyl,7.9803,49.8164,23.35,76,50,4.67,SO,1706667358
344,vuktyl,63.8567,57.3094,-7.16,97,100,0.45,RU,1706667358
345,motygino,58.1831,94.7592,-30.68,99,6,1.79,RU,1706667359
346,castillos,-34.1667,-53.8333,18.18,85,0,2.55,UY,1706667359
347,moisei,47.6556,24.5401,-5.86,83,62,1.58,RO,1706667359
348,dapchi,12.4904,11.4944,18.09,22,0,5.0,NG,1706667359
349,broken hill,-31.95,141.4333,27.36,24,0,7.94,AU,1706667359
350,magdagachi,53.45,125.8,-23.09,82,100,2.09,RU,1706667359
351,basco,20.4487,121.9702,23.96,74,27,9.85,PH,1706667360
352,north nowra,-34.8581,150.5828,24.3,87,100,2.24,AU,1706667360
353,espiye,40.9479,38.7115,3.82,69,16,2.79,TR,1706667360
354,ulsteinvik,62.3432,5.8487,6.5,79,100,11.18,NO,1706667364
355,port-cartier,50.0334,-66.8654,-14.18,97,54,2.04,CA,1706667365
356,afif,23.9065,42.9172,12.47,28,10,1.92,SA,1706667365
357,gwio kura,12.6753,11.0682,17.86,20,0,5.16,NG,1706667365
358,yoichi,43.2039,140.7703,0.89,64,100,2.3,JP,1706667367
359,cartagena,10.3997,-75.5144,26.05,79,40,9.07,CO,1706667075
360,longboat key,27.4125,-82.659,15.02,80,0,2.06,US,1706667201
361,jamjamal,35.5365,44.8317,7.19,78,99,2.48,IQ,1706667368
362,beau vallon,-20.4189,57.6953,26.13,83,75,1.03,MU,1706667370
363,nelson,-41.2833,173.2833,24.05,61,0,1.79,NZ,1706667370
364,anna,51.4842,40.4299,-4.37,97,100,1.68,RU,1706667371
365,hilo,19.7297,-155.09,29.03,73,0,2.57,US,1706667160
366,east london,-33.0153,27.9116,22.13,87,98,5.07,ZA,1706667371
367,laghouat,33.8,2.8651,8.65,76,100,1.23,DZ,1706667372
368,minas de marcona,-15.2119,-75.1103,18.99,81,100,4.76,PE,1706667372
369,nar'yan-mar,67.6713,53.087,-6.05,92,58,4.92,RU,1706667372
370,akrehamn,59.2667,5.1833,4.12,93,100,6.17,NO,1706667372
371,san patricio,28.017,-97.5169,16.02,60,100,3.1,US,1706667372
372,bel ombre,-4.6167,55.4167,27.91,78,20,3.09,SC,1706667372
373,barra do corda,-5.5,-45.25,24.07,86,7,0.63,BR,1706667373
374,ancud,-41.8697,-73.8203,14.34,94,100,2.01,CL,1706667373
375,miri,4.4148,114.0089,30.08,79,40,3.09,MY,1706667373
376,itamaraca,-7.7478,-34.8256,28.03,73,2,2.74,BR,1706667373
377,kapoeta,4.7717,33.5903,27.12,47,99,0.53,SS,1706667374
378,kiselevsk,53.99,86.6621,-23.01,100,95,0.9,RU,1706667374
379,chiredzi,-21.05,31.6667,20.69,90,41,2.47,ZW,1706667374
380,awjilah,29.1081,21.2869,8.43,79,6,5.29,LY,1706667374
381,xapuri,-10.6517,-68.5044,24.57,91,100,0.38,BR,1706667374
382,olinda,-8.0089,-34.8553,27.85,69,20,3.09,BR,1706667374
383,mossel bay,-34.1831,22.146,18.96,90,79,0.63,ZA,1706667375
384,wenling,28.3669,121.36,14.3,87,98,1.88,CN,1706667375
385,bumba,2.1833,22.4667,24.54,46,100,0.77,CD,1706667373
386,paita,-5.0892,-81.1144,24.21,84,100,4.93,PE,1706667375
387,el nido,11.1858,119.3956,27.52,70,61,4.68,PH,1706667376
388,ponta delgada,37.7333,-25.6667,15.4,88,75,2.06,PT,1706667376
389,tataouine,32.9297,10.4518,9.08,78,5,1.36,TN,1706667376
390,challapata,-18.9,-66.7667,10.75,66,50,4.47,BO,1706667376
391,vyazemskiy,47.5378,134.7525,-16.58,90,100,2.11,RU,1706667376
392,kuching,1.55,110.3333,28.9,89,20,1.54,MY,1706667377
393,tenenkou,14.4572,-4.9169,20.84,16,87,4.69,ML,1706667377
394,margate,51.3813,1.3862,6.84,90,100,0.45,GB,1706667377
395,kalmunai,7.4167,81.8167,24.95,89,9,2.59,LK,1706667377
396,sambava,-14.2667,50.1667,24.52,89,97,2.24,MG,1706667377
397,dunedin,-45.8742,170.5036,18.78,80,53,2.24,NZ,1706667377
398,yatou,37.15,122.3833,5.31,82,96,2.29,CN,1706667378
399,chibougamau,49.9168,-74.3659,-9.21,86,0,3.09,CA,1706667378
400,kirensk,57.7853,108.1119,-37.24,99,49,0.89,RU,1706667378
401,rongelap,11.1635,166.8941,25.9,75,100,8.56,MH,1706667378
402,alice springs,-23.7,133.8833,36.79,12,79,8.75,AU,1706667378
403,puerto escondido,15.85,-97.0667,27.46,74,20,1.03,MX,1706667099
404,nema,57.5067,50.5011,-5.35,92,50,4.15,RU,1706667379
405,qulsary,46.9531,54.0198,-3.47,94,100,7.84,KZ,1706667379
406,papao,-17.75,-149.55,29.81,83,72,3.27,PF,1706667359
407,gadzhiyevo,69.2551,33.3362,1.35,77,100,14.59,RU,1706667380
408,mont-dore,-22.2833,166.5833,30.99,65,70,4.83,NC,1706667380
409,mohr,54.3528,9.7167,5.08,96,100,9.26,DE,1706667380
410,karatuzskoye,53.6072,92.8667,-24.79,100,98,0.45,RU,1706667380
411,nainpur,22.4333,80.1167,15.83,43,100,1.17,IN,1706667380
412,general pinedo,-27.3167,-61.2833,27.77,60,0,0.89,AR,1706667386
413,freetown,8.484,-13.2299,25.84,83,20,4.63,SL,1706667386
414,champerico,14.3,-91.9167,26.21,71,5,2.69,GT,1706667386
415,kaliua,-5.0606,31.7936,18.7,95,100,1.72,TZ,1706667386
416,nacozari viejo,30.4,-109.65,10.62,90,100,1.15,MX,1706667386
417,north battleford,52.7834,-108.2847,2.45,75,96,4.12,CA,1706667192
418,mount pearl,47.5166,-52.7813,-5.38,84,100,7.72,CA,1706667387
419,mili,6.0815,171.735,26.73,85,100,5.73,MH,1706667387
420,radeburg,51.2152,13.7281,7.02,49,75,5.14,DE,1706667387
421,santarem,-2.4431,-54.7083,25.07,100,0,1.03,BR,1706667387
422,ketou,7.3633,2.5998,25.36,73,6,1.0,BJ,1706667387
423,santa croce camerina,36.8289,14.5268,4.82,87,63,2.06,IT,1706667388
424,morehead city,34.7229,-76.726,8.89,86,100,2.06,US,1706667254
425,wenatchee,47.4235,-120.3103,7.21,96,100,1.54,US,1706667150
426,katiola,8.1333,-5.1,26.35,25,17,1.38,CI,1706667388
427,hadibu,12.65,54.0333,23.68,77,87,1.28,YE,1706667388
428,ad-damazin,11.7891,34.3592,22.59,21,68,3.83,SD,1706667388
429,alaghsas,17.0187,8.0168,18.09,24,15,8.55,NE,1706667388
430,naryn,41.4287,75.9911,-12.22,91,100,2.28,KG,1706667389
431,kawalu,-7.3817,108.2082,24.76,90,100,0.98,ID,1706667389
432,isla vista,34.4133,-119.861,18.58,78,0,4.12,US,1706667389
433,brookings,44.3114,-96.7984,1.32,93,0,3.6,US,1706667389
434,nchelenge,-9.3451,28.734,20.64,90,78,1.76,ZM,1706667389
435,rurrenabaque,-14.4413,-67.5278,23.36,99,100,0.77,BO,1706667390
436,elkins,38.9259,-79.8467,4.6,86,100,2.06,US,1706667390
437,rio grande,-32.035,-52.0986,20.82,88,23,3.35,BR,1706667390
438,cacheu,12.2706,-16.1658,23.05,29,100,2.55,GW,1706667390
439,macouria,4.9167,-52.3667,25.97,94,75,2.57,GF,1706667391
440,manokwari,-0.8667,134.0833,28.24,74,92,1.88,ID,1706667391
441,homocea,46.1333,27.2333,-3.32,74,9,2.31,RO,1706667391
442,kansanshi,-12.0951,26.4273,16.2,95,32,0.77,ZM,1706667391
443,dieppe,49.75,1.1667,5.74,88,100,1.25,FR,1706667391
444,bwizibwera,-0.5917,30.6286,18.42,74,100,0.51,UG,1706667391
445,taltal,-25.4,-70.4833,21.53,80,15,2.33,CL,1706667392
446,wapi pathum,15.8452,103.3768,28.31,49,15,2.08,TH,1706667392
447,prince george,53.9166,-122.753,1.27,85,0,0.0,CA,1706667392
448,glasgow,55.8652,-4.2576,7.34,81,100,10.29,GB,1706667392
449,vimmerby,57.6659,15.8552,5.53,96,100,3.76,SE,1706667392
450,shagonar,51.5333,92.8,-27.86,97,99,0.82,RU,1706667392
451,molde,62.7375,7.1591,5.91,56,100,8.75,NO,1706667393
452,port-vila,-17.7338,168.3219,28.78,74,75,4.12,VU,1706667393
453,ilam,26.9167,87.9167,5.78,59,2,1.6,NP,1706667393
454,yorkton,51.2167,-102.4677,5.91,70,20,5.66,CA,1706667328
455,pacific grove,36.6177,-121.9166,14.54,88,0,6.71,US,1706667393
456,tabuk,17.4189,121.4443,24.41,68,27,2.32,PH,1706667393
457,codrington,-38.2667,141.9667,19.94,57,1,5.8,AU,1706667393
458,hastings,50.8552,0.5729,7.51,33,24,0.22,GB,1706667394
459,tangalle,6.024,80.7911,24.09,89,51,1.97,LK,1706667394
460,verkhovazh'ye,60.7472,42.0465,-4.36,87,20,3.93,RU,1706667394
461,mo i rana,66.3128,14.1428,2.4,93,100,1.03,NO,1706667095
462,nadi,-17.8,177.4167,29.0,84,75,4.12,FJ,1706667394
463,tofol,5.3248,163.0078,29.88,74,75,6.17,FM,1706667394
464,eastham,41.8301,-69.9739,-1.99,70,100,1.34,US,1706667395
465,merritt,50.1123,-120.7942,6.29,86,100,2.24,CA,1706667395
466,amfissa,38.525,22.3731,4.84,90,55,3.82,GR,1706667395
467,ugoofaaru,5.6667,73.0,27.13,77,100,3.77,MV,1706667395
468,fort st. john,56.2499,-120.8529,5.94,56,20,6.69,CA,1706667395
469,kapa'a,22.0752,-159.319,24.5,75,75,2.06,US,1706667396
470,lesnoy,57.6198,63.0784,-9.1,96,100,2.44,RU,1706667396
471,queenstown,-31.8976,26.8753,19.46,89,100,0.65,ZA,1706667396
472,kushiro,42.975,144.3747,-2.47,68,75,1.03,JP,1706667396
473,necochea,-38.5473,-58.7368,19.7,92,81,2.41,AR,1706667382
474,bijar,35.8668,47.6051,-4.27,89,100,3.11,IR,1706667396
475,ta`u,-14.2336,-169.5144,29.1,73,82,3.51,AS,1706667396
476,arkhangel'sk,64.5401,40.5433,0.07,80,20,5.0,RU,1706667397
477,ilheus,-14.7889,-39.0494,23.93,91,18,2.17,BR,1706667397
478,musan-up,42.2261,129.2078,-2.21,61,75,4.4,KP,1706667397
479,vila franca do campo,37.7167,-25.4333,15.23,89,60,2.35,PT,1706667397
480,hawera,-39.5917,174.2833,21.09,65,71,5.48,NZ,1706667397
481,usogorsk,63.4106,48.6872,-4.63,96,95,2.76,RU,1706667397
482,wenchang,30.904,118.4887,11.9,90,100,1.98,CN,1706667398
483,mount darwin,-16.7725,31.5838,19.51,79,83,0.97,ZW,1706667398
484,biltine,14.5333,20.9167,18.78,23,0,6.58,TD,1706667398
485,luderitz,-26.6481,15.1594,18.44,84,0,3.57,NA,1706667398
486,revelstoke,50.9832,-118.2023,2.01,100,100,0.0,CA,1706667398
487,mana,5.6592,-53.7767,25.71,85,30,4.41,GF,1706667399
488,den helder,52.9599,4.7593,6.1,77,100,4.47,NL,1706667399
489,akobo,7.4344,3.9497,25.75,83,17,1.03,NG,1706667399
490,dalnegorsk,44.5604,135.5701,-2.44,89,100,0.89,RU,1706667399
491,caleta de carquin,-11.0925,-77.6267,23.93,82,100,3.53,PE,1706667399
492,kalymnos,36.95,26.9833,10.74,57,40,3.6,GR,1706667399
493,zeya,53.75,127.2667,-25.84,90,100,0.76,RU,1706667330
494,isiro,2.7739,27.616,19.03,50,100,1.31,CD,1706667400
495,georgievka,49.3314,81.5761,-12.7,88,100,3.99,KZ,1706667400
496,sala,34.0389,-6.8166,10.38,93,6,0.0,MA,1706667179
497,rio gallegos,-51.6226,-69.2181,14.03,44,0,6.69,AR,1706667400
498,jackson,42.4165,-122.8345,18.81,44,40,10.8,US,1706667224
499,port lincoln,-34.7333,135.8667,19.64,58,0,5.66,AU,1706667400
500,chemolgan,43.1897,76.5292,-5.19,95,100,0.87,KZ,1706667400
501,sittwe,20.15,92.9,18.31,53,2,2.52,MM,1706667401
502,camocim,-2.9022,-40.8411,26.37,88,18,3.85,BR,1706667401
503,timbuktu,16.7735,-3.0074,19.19,15,2,4.7,ML,1706667393
504,selfoss,63.9331,-20.9971,-3.42,71,99,6.44,IS,1706667401
505,boa vista,2.8197,-60.6733,26.99,69,20,2.57,BR,1706667401
506,borgarnes,64.5383,-21.9206,-1.97,75,100,4.68,IS,1706667401
507,sarangani,5.4033,125.4636,25.58,87,100,4.28,PH,1706667402
508,ixtapa,20.7,-105.2,24.57,78,75,1.54,MX,1706667402
509,christchurch,-43.5333,172.6333,24.74,59,0,11.32,NZ,1706667150
510,mohammedia,33.7066,-7.3944,16.96,66,20,1.54,MA,1706667402
511,san jose de jachal,-30.2406,-68.7469,29.25,31,63,3.15,AR,1706667402
512,villa gesell,-37.2639,-56.973,20.59,74,67,5.61,AR,1706667402
513,sirjan,29.452,55.6814,6.8,59,2,2.36,IR,1706667402
514,lobito,-12.3481,13.5456,25.63,90,100,3.34,AO,1706667403
515,gazli,40.1333,63.45,-1.47,61,100,2.7,UZ,1706667403
516,idri,27.5,13.2667,7.68,59,0,4.24,LY,1706667403
517,ganjam,19.3833,85.0667,21.76,76,16,3.06,IN,1706667403
518,sultanah,24.4926,39.5857,12.25,32,0,0.0,SA,1706667403
519,el obeid,13.1842,30.2167,14.59,23,8,5.06,SD,1706667403
520,mandiana,10.6333,-8.6833,23.63,19,98,2.4,GN,1706667403
521,jayapura,-2.5333,140.7,30.66,73,99,3.14,ID,1706667403
522,chanute,37.6792,-95.4572,7.12,75,0,1.54,US,1706667173
523,natal,-5.795,-35.2094,27.12,83,20,2.06,BR,1706667404
524,huanuco,-9.9329,-76.2415,19.35,89,100,0.46,PE,1706667404
525,okhotsk,59.3833,143.3,-19.78,80,59,5.43,RU,1706667404
526,maralal,1.0968,36.698,16.51,65,100,1.94,KE,1706667404
527,ono,34.85,134.9333,10.71,54,92,1.17,JP,1706667404
528,ekibastuz,51.6667,75.3667,-10.46,90,100,3.5,KZ,1706667404
529,olonets,60.9847,32.9698,-5.14,97,100,2.48,RU,1706667405
530,barra do garcas,-15.89,-52.2567,24.67,68,78,0.59,BR,1706667405
531,santa marta de ortigueira,43.6833,-7.85,11.73,80,89,1.81,ES,1706667405
532,manakara,-22.1333,48.0167,22.39,89,99,3.4,MG,1706667405
533,conception bay south,47.4999,-52.9981,-4.75,84,79,5.82,CA,1706667305
534,peterhead,57.5058,-1.7981,5.25,81,100,9.93,GB,1706667405
535,san luis de la loma,17.2706,-100.8939,25.12,78,100,1.42,MX,1706667405
536,belmonte,-15.8631,-38.8828,25.66,86,64,4.15,BR,1706667406
537,narrabri,-30.3167,149.7833,33.62,54,55,0.89,AU,1706667406
538,port isabel,26.0734,-97.2086,17.23,85,0,3.09,US,1706667406
539,agadez,19.75,10.25,12.12,39,0,5.41,NE,1706667406
540,ceeldheer,3.8488,47.1806,23.94,81,100,5.85,SO,1706667406
541,sarupathar,26.1984,93.8094,15.37,60,3,0.85,IN,1706667406
542,lhokseumawe,5.1801,97.1507,26.89,77,34,1.86,ID,1706667182
543,launceston,-41.45,147.1667,23.42,37,40,4.12,AU,1706667406
544,andergrove,-21.0833,149.1833,34.8,69,81,1.61,AU,1706667407
545,coahuayana de hidalgo,18.7,-103.6583,24.18,87,100,1.03,MX,1706667407
546,viedma,-40.8135,-62.9967,23.96,62,2,3.92,AR,1706667374
547,hit,33.6416,42.8251,9.07,79,7,2.68,IQ,1706667407
548,taybad,34.74,60.7756,0.9,70,73,6.36,IR,1706667407
549,domna,51.8971,113.1573,-31.91,68,20,0.0,RU,1706667407
550,comodoro rivadavia,-45.8667,-67.5,23.92,33,0,11.32,AR,1706667407
551,semey,50.4111,80.2275,-8.88,79,75,2.0,KZ,1706667408
552,gorgan,36.8387,54.4348,2.98,81,75,3.09,IR,1706667408
553,puerto colombia,10.9878,-74.9547,25.75,86,63,11.76,CO,1706667408
554,ribeira brava,32.65,-17.0667,18.35,64,86,1.01,PT,1706667408
555,massawa,15.6097,39.45,24.24,71,100,3.77,ER,1706667408
556,popondetta,-8.7537,148.2534,32.97,57,58,2.17,PG,1706667408
557,trairi,-3.2778,-39.2689,26.86,81,5,3.73,BR,1706667408
558,santiago de cao,-7.9589,-79.2392,24.07,83,100,4.12,PE,1706667409
559,sint michiel liber,12.15,-68.9833,26.9,89,40,5.14,CW,1706667409
560,vernon,50.2581,-119.2691,7.94,93,100,1.03,CA,1706667409
